,addresses,names
0,https://www.xportsnews.com/article/1520621,"제주, 휠라 코리아와 4년 용품 후원 계약...21년 만에 재회"
1,http://yna.kr/AKR20220104113800005?did=1195m,스포츠스타 2세 총출동…예능 '피는 못 속여' 10일 첫방송
2,http://sports.khan.co.kr/news/sk_index.html?art_id=202201041503003&sec_id=540201&pt=nv,"이형택 “딸 미나, 날 닮아 운동능력 타고나” (피는 못 속여)"
3,https://www.ytn.co.kr/_ln/0107_202201041451473469,"제주 Utd., 휠라코리아 후원계약...'오렌지빛 비상' 기대"
4,https://www.xportsnews.com/article/1520508,"이동국→박찬민, '스포츠 2세' 딸 자랑...""운동신경 닮아"" (피는 못 속여)"
5,http://www.osen.co.kr/article/G1111733781,"'피는 못속여' 이동국X김병현X이형택X남현희X박찬민, 스포츠 2세 딸과 출연....."
6,http://www.sportalkorea.com/news/view.php?gisa_uniq=2022010410545936&section_code=10&cp=se&sp=A,"‘다시 한번 화려하게 비상’ 제주, 휠라코리아와 공식 후원사 계약 체결"
7,https://www.besteleven.com/news/articleView.html?idxno=205227,"'화려한 비상 꿈꾼다' 제주, 휠라코리아와 4년간 후원 계약 체결"
8,http://www.sportsseoul.com/news/read/1088574?ref=naver,"이동국X김병현X이형택X남현희X박찬민, 스포츠 스타 2세 뭉친 티저 공개"
9,http://www.osen.co.kr/article/G1111733594,이동국 딸 이재아→박찬민 딸 박민하..5인 가족 '피는 못속여' 확정 [공식]
